ECCV,09/18,105,109,776
NeurIPS,12/15,0,0,403
NeurIPS,12/16,0,21,569
NeurIPS,12/17,12,85,679
NeurIPS,12/18,74,127,1009
NeurIPS,12/19,182,104,1427
ACL,08/17,1,41,302
ACL,08/18,32,41,381
ACL,08/19,127,50,720
NAACL,06/18,18,50,330
NAACL,06/19,73,33,451
ICML,06/17,4,55,434
ICML,06/18,27,64,621
ICML,06/19,76,76,773
ICML,06/20,142,71,1084
CVPR,06/15,0,0,602
CVPR,06/16,0,3,643
CVPR,06/17,0,63,783
CVPR,06/18,89,137,979
CVPR,06/19,294,148,1294
CVPR,06/20,418,113,1467
ICLR,05/18,28,95,337
ICLR,05/19,86,86,502
ICLR,05/20,169,95,687
ICCV,11/17,3,56,621
ICCV,11/19,263,112,1075
EMNLP,11/17,5,44,323
EMNLP,11/18,60,48,549
EMNLP,11/19,146,38,687
